id1,id2,weight
1ABZ,1BCV,3.33
1ABZ,1BDK,1.45
1ABZ,1BDO,3.1
1ABZ,1BFW,1.88
1ABZ,1BOM,1.84
1ABZ,1EB1,2.14
1ABZ,1ADX,1.13
1ABZ,1AFO,5.57
1ABZ,1AYG,3.14
1ABZ,1B4R,3.4
1ABZ,1F3R,1.86
1BCV,1BDK,2.41
1BCV,1BDO,2.08
1BCV,1BFW,4.87
1BCV,1BOM,1.66
1BCV,1EB1,1.42
1BCV,1ADX,1.03
1BCV,1AFO,1.9
1BCV,1AYG,1.3
1BCV,1B4R,3.2
1BDK,1BDO,2.07
1BDK,1BFW,2.69
1BDK,1BOM,2.52
1BDK,1ADX,1.53
1BDK,1AFO,1.89
1BDK,1AYG,1.69
1BDK,1B4R,2.07
1BDK,1F3R,2.2
1BDO,1BFW,1.99
1BDO,1BOM,3.29
1BDO,1EB1,1.21
1BDO,1ADX,5.05
1BDO,1AFO,1.85
1BDO,1AYG,2.21
1BDO,1B4R,3.11
1BDO,1F3R,3.59
1BFW,1BOM,1.47
1BFW,1EB1,1.22
1BFW,1ADX,3.85
1BFW,1AFO,1.55
1BFW,1AYG,1.46
1BFW,1B4R,3.81
1BFW,1F3R,2.44
1BOM,1EB1,1.38
1BOM,1ADX,1.23
1BOM,1AFO,0.62
1BOM,1AYG,2.64
1BOM,1B4R,1.63
1BOM,1F3R,1.98
1EB1,1ADX,1.33
1EB1,1AFO,2.07
1EB1,1AYG,1.2
1EB1,1B4R,1.42
1ADX,1AFO,3.08
1ADX,1AYG,3.04
1ADX,1B4R,4.21
1ADX,1F3R,1.3
1AFO,1AYG,0.84
1AFO,1B4R,3.03
1AFO,1F3R,0.7
1AYG,1B4R,3.19
1AYG,1F3R,1.15
1B4R,1F3R,2.54
